<?xml version="1.0"?>
<sensor>
    <name>LANDSAT5</name>
    <bands>
        <source><collection>LT5_L1T</collection></source>
        <band>
            <source><name>B1</name></source>
            <name>blue</name>
        </band>
        <band>
            <source><name>B2</name></source>
            <name>green</name>
        </band>
        <band>
            <source><name>B3</name></source>
            <name>red</name>
        </band>
        <band>
            <source><name>B4</name></source>
            <name>nir</name>
        </band>
        <band>
            <source><name>B5</name></source>
            <name>swir1</name>
        </band>
        <band>
            <source><name>B6</name></source>
            <name>temp</name>
        </band>
        <band>
            <source><name>B7</name></source>
            <name>swir2</name>
        </band>
        <resolution>30</resolution>
        <display_bands>red, green, blue</display_bands>
        <display_gains>1.8, 1.5, 1.0</display_gains>
    </bands>
</sensor>

