<?xml version="1.0"?>
<sensor>
    <name>SENTINEL-1</name>
    <bands>
        <source><collection>COPERNICUS/S1_GRD</collection></source>
        <band>
            <name>vv</name>
            <source><name>vv</name></source>
        </band>
        <band>
            <name>vh</name>
            <source><name>vh</name></source>
        </band>
        
        <resolution>10</resolution>

    </bands>
    <range>
        <minimum>-30</minimum>
        <maximum>10</maximum>
    </range>

    <distribution name="water">
        <model>gamma</model>
        <range>
            <minimum>0</minimum>
            <maximum>600</maximum>
        </range>
        <buckets>512</buckets>
    </distribution>
</sensor>

