<?xml version="1.0"?>
<sensor>
    <name>Skybox_NIR</name>
    <bands>

        <band>
            <source><name>b1</name></source>
            <name>Blue</name>
        </band>
        <band>
            <source><name>b2</name></source>
            <name>Green</name>
        </band>
        <band>
            <source><name>b3</name></source>
            <name>Red</name>
        </band>
        
        <band>
            <source><name>b4</name></source>
            <name>NIR</name>
        </band>
        <display_bands>Red, Green, Blue</display_bands>
    </bands>
    <range>
        <minimum>0</minimum>
        <maximum>1200</maximum>
    </range>
</sensor>

