<?xml version="1.0"?>
<domain>
    <name>Gloucester 2014</name>
    <sensors>
    
      <sensor>
        <name>NED13</name>
        <range>
          <minimum>0</minimum>
          <maximum>60</maximum>
        </range>
      </sensor>
    
      <sensor>
        <name>MODIS</name>
        <bands>
          <source>
            <start_date>2014-10-05</start_date>
            <end_date>2014-10-06</end_date>
          </source>
        </bands>
      </sensor>
    
      <sensor>
        <name>Skybox</name>
        <bands>
            <source><eeid>00979750194450688595-04594044960761723980</eeid></source>
        </bands>
      </sensor>
      
    </sensors>
    
    <bbox>
        <bottomleft>
            <lon>-70.6805</lon>
            <lat>42.57</lat>
        </bottomleft>
        <topright>
            <lon>-70.6208</lon>
            <lat>42.663</lat>
        </topright>
    </bbox>

    <truth>18108519531116889794-12711473776610999401</truth>
    <training_domain>gloucester_2014_10_training</training_domain>
    
    <algorithm_params>
      <modis_diff_threshold>500</modis_diff_threshold>
      
      <modis_mask_threshold>3.5</modis_mask_threshold>
      <modis_change_threshold>-3.5</modis_change_threshold>
      
      <dartmouth_threshold>0.50</dartmouth_threshold>
    </algorithm_params>    
    
    
    
</domain>

