<?xml version="1.0"?>
<domain>
    <name>Gloucester 2014</name>
    <sensors>
    
      <sensor>
        <name>SRTM90</name>
      </sensor>
    
      <sensor>
        <name>MODIS</name>
        <bands>
          <source>
            <start_date>2014-10-05</start_date>
            <end_date>2014-10-06</end_date>
          </source>
        </bands>
      </sensor>
    
      <sensor>
        <name>Skybox</name>
        <bands>
            <source><eeid>00979750194450688595-04594044960761723980</eeid></source>
        </bands>
      </sensor>
      
    </sensors>
    
    <bbox>
        <bottomleft>
            <lon>-70.6805</lon>
            <lat>42.57</lat>
        </bottomleft>
        <topright>
            <lon>-70.6208</lon>
            <lat>42.663</lat>
        </topright>
    </bbox>

    <training_json>gloucester_2014_10_training</training_json>
        
    
</domain>

