<?xml version="1.0"?>
<domain>
    <name>Malawi 2015 Flood Training Subset</name>
    <sensors>
    
      <sensor>
        <name>SRTM90</name>
      </sensor>
    
      <sensor>
        <name>MODIS</name>
        <bands>
          <source>
            <start_date>2015-01-21</start_date>
            <end_date>2015-01-22</end_date>
          </source>
        </bands>
      </sensor>
    
      <sensor>
        <name>Skybox_NIR</name>
        <bands>
            <source mosaic="true"><eeid>18108519531116889794-15989983115440808490</eeid></source>
        </bands>
      </sensor>
      
    </sensors>
    
    <bbox>
        <bottomleft>
            <lon>35.2244183</lon>
            <lat>-17.0253966</lat>
        </bottomleft>
        <topright>
            <lon>35.2394928</lon>
            <lat>-17.0092773</lat>
        </topright>
    </bbox>
    
    <truth>18108519531116889794-16160248571242627569</truth>
    
    
    <algorithm_params>
      <modis_diff_threshold>500</modis_diff_threshold>
      
      <modis_mask_threshold>3.5</modis_mask_threshold>
      <modis_change_threshold>-3.5</modis_change_threshold>
      
      <dartmouth_threshold>0.50</dartmouth_threshold>
    </algorithm_params>    
    
    
    
</domain>

