<?xml version="1.0"?>
<domain>
    <name>New Bedford 2014</name>
    <sensors>
    
      <sensor>
        <name>NED13</name>
        <range>
          <minimum>0</minimum>
          <maximum>20</maximum>
        </range>
      </sensor>
    
      <sensor>
        <name>MODIS</name>
        <bands>
          <source>
            <start_date>2014-10-06</start_date>
            <end_date>2014-10-07</end_date>
          </source>
        </bands>
      </sensor>
    
      <sensor>
        <name>Skybox</name>
        <bands>
            <source><eeid>00979750194450688595-17468829640506321558</eeid></source>
        </bands>
      </sensor>
      
    </sensors>
    
    <bbox>
        <bottomleft>
            <lon>-70.9508</lon>
            <lat>41.6229</lat>
        </bottomleft>
        <topright>
            <lon>-70.8642</lon>
            <lat>41.6883</lat>
        </topright>
    </bbox>
    
    <truth>18108519531116889794-03447452725579868080</truth>
    <training_domain>new_bedford_2014_10_training</training_domain>
    
    <algorithm_params>
      <dem_threshold>0</dem_threshold>
    
      <modis_diff_threshold>500</modis_diff_threshold>
      
      <modis_mask_threshold>3.5</modis_mask_threshold>
      <modis_change_threshold>-3.5</modis_change_threshold>
      
      <dartmouth_threshold>0.50</dartmouth_threshold>
    </algorithm_params>    
    
    
    
</domain>

