<?xml version="1.0"?>
<domain>
    <name>New Bedford 2014</name>
    <sensors>
    
      <sensor>
        <name>NED13</name>
        <range>
          <minimum>0</minimum>
          <maximum>20</maximum>
        </range>
      </sensor>
    
      <sensor>
        <name>MODIS</name>
        <bands>
          <source>
            <start_date>2014-10-06</start_date>
            <end_date>2014-10-07</end_date>
          </source>
        </bands>
      </sensor>
    
      <sensor>
        <name>Skybox</name>
        <bands>
            <source><eeid>00979750194450688595-17468829640506321558</eeid></source>
        </bands>
      </sensor>
      
    </sensors>
    
    <bbox>
        <bottomleft>
            <lon>-70.9508</lon>
            <lat>41.6229</lat>
        </bottomleft>
        <topright>
            <lon>-70.8642</lon>
            <lat>41.6883</lat>
        </topright>
    </bbox>
    
    <training_json>new_bedford_2014_10_training</training_json>
    
    
    
</domain>

