<?xml version="1.0"?>
<domain>
    <name>Sumatra 2014 Training</name>
    <sensors>
    
      <sensor>
        <name>SRTM90</name>
      </sensor>
    
      <sensor>
        <name>MODIS</name>
        <bands>
          <source>
            <start_date>2014-10-06</start_date>
            <end_date>2014-10-07</end_date>
          </source>
        </bands>
      </sensor>
    
      <sensor>
        <name>Skybox</name>
        <bands>
            <source><eeid>00979750194450688595-02912990955588156238</eeid></source>
        </bands>
      </sensor>
      
    </sensors>
    
    <bbox>
        <bottomleft>
            <lon>96.36795</lon>
            <lat>3.85963</lat>
        </bottomleft>
        <topright>
            <lon>96.4016</lon>
            <lat>3.95639</lat>
        </topright>
    </bbox>
    
    <training_json>sumatra_2014_10_training</training_json>
       
    
    
</domain>

