<?xml version="1.0"?>
<domain>
    <name>Sumatra 2014</name>
    <sensors>
    
      <sensor>
        <name>SRTM90</name>
        <range>
          <minimum>0</minimum>
          <maximum>15</maximum>
        </range>
      </sensor>
    
      <sensor>
        <name>MODIS</name>
        <bands>
          <source>
            <start_date>2014-10-06</start_date>
            <end_date>2014-10-07</end_date>
          </source>
        </bands>
      </sensor>
    
      <sensor>
        <name>Skybox</name>
        <bands>
            <source><eeid>00979750194450688595-02912990955588156238</eeid></source>
        </bands>
      </sensor>
      
    </sensors>
    
    <bbox>
        <bottomleft>
            <lon>96.36795</lon>
            <lat>3.85963</lat>
        </bottomleft>
        <topright>
            <lon>96.4016</lon>
            <lat>3.95639</lat>
        </topright>
    </bbox>
    
    <truth>18108519531116889794-06423057872183631348</truth>
    <training_domain>sumatra_2014_10_training</training_domain>
    
    <algorithm_params>
      <dem_threshold>0</dem_threshold>
    
      <modis_diff_threshold>500</modis_diff_threshold>
      
      <modis_mask_threshold>3.5</modis_mask_threshold>
      <modis_change_threshold>-3.5</modis_change_threshold>
      
      <dartmouth_threshold>0.50</dartmouth_threshold>
    </algorithm_params>    
    
    
    
</domain>

