<?xml version="1.0"?>
<domain>
    <name>Mississippi 2011 Unflooded</name>
    <sensors>
      <sensor>
        <name>UAVSARByte</name>
        <bands>
            <source><eeid>18108519531116889794-16648596607414356603</eeid></source>
        </bands>
      </sensor>
    </sensors>
    <bbox>
        <bottomleft>
            <lon>-91.23</lon>
            <lat>32.88</lat>
        </bottomleft>
        <topright>
            <lon>-91.02</lon>
            <lat>33.166</lat>
        </topright>
    </bbox>
</domain>

