<?xml version="1.0"?>
<domain>
    <name>Mississippi_2008_02</name>
    <sensors>
    
      <sensor>
        <name>NED13</name>
      </sensor>
    
      <sensor>
        <name>TERRASARX</name>
        <bands>
            <source><eeid>18108519531116889794-11876787048973899066</eeid></source>
            <band>
                <source>
                    <name>b1</name>
                </source>
                <name>hh</name>
            </band>
        </bands>
        <range>
            <minimum>0</minimum>
            <maximum>600</maximum>
        </range>
      </sensor>
      
    </sensors>
    <bbox>
        <bottomleft>
            <lon>-91.2140</lon>
            <lat>29.1270</lat>
        </bottomleft>
        <topright>
            <lon>-91.0190</lon>
            <lat>29.5532</lat>
        </topright>
    </bbox>
    
    <truth>18108519531116889794-16617043393034901554</truth>
    
    <algorithm_params>
      <water_detect_radar_channel>hh</water_detect_radar_channel>
    </algorithm_params> 
    
</domain>

