<?xml version="1.0"?>
<domain>
    <name>Baghlan 2014 Flood</name>
    
    <sensors>

      <sensor>
          <name>SRTM90</name>
          <range>
              <minimum>430</minimum>
              <maximum>600</maximum>
          </range>
      </sensor>

      <sensor>
        <name>MODIS</name>
        <bands>
          <source>
            <start_date>2014-06-19</start_date>
            <end_date>2014-06-20</end_date>
          </source>
        </bands>
      </sensor>
      
      <sensor>
        <name>Landsat8</name>
        <bands>
          <source>
            <start_date>2014-06-18</start_date>
            <end_date>2014-06-19</end_date>
          </source>
        </bands>
      </sensor>
      
    </sensors>
    
    <bbox>
        <bottomleft>
            <lon>68.6824</lon>
            <lat>36.19</lat>
        </bottomleft>
        <topright>
            <lon>68.8348</lon>
            <lat>36.3726</lat>
        </topright>
    </bbox>
    
    <truth>18108519531116889794-05246071950673775877</truth>
    <training_domain>baghlan_south_2014_6</training_domain>
    <unflooded_training_domain>unflooded_baghlan_2013</unflooded_training_domain>
   
    <algorithm_params>
      <modis_diff_threshold>350</modis_diff_threshold>
      
      <modis_mask_threshold>4.5</modis_mask_threshold>
      <modis_change_threshold>-3.0</modis_change_threshold>
      
      <dartmouth_threshold>0.75</dartmouth_threshold>
      
      <fai_threshold>250</fai_threshold>

      <mod_ndwi_threshold>-0.064531</mod_ndwi_threshold>
      
      <dem_threshold>480</dem_threshold>
    </algorithm_params>
    
</domain>

