<?xml version="1.0"?>
<domain>
    <name>Baghlan 2014 Flood - South</name>
    
    <sensors>
    
      <sensor>
          <name>SRTM90</name>
      </sensor>
    
      <sensor>
        <name>MODIS</name>
        <bands>
          <source>
            <start_date>2014-06-19</start_date>
            <end_date>2014-06-20</end_date>
          </source>
        </bands>
      </sensor>
      
      <sensor>
        <name>Landsat8</name>
        <bands>
          <source>
            <start_date>2014-06-18</start_date>
            <end_date>2014-06-19</end_date>
          </source>
        </bands>
      </sensor>
      
    </sensors>
    
    <bbox>
        <bottomleft>
            <lon>68.5832</lon>
            <lat>35.9991</lat>
        </bottomleft>
        <topright>
            <lon>68.6872</lon>
            <lat>36.0694</lat>
        </topright>
    </bbox>
    
    <truth>users/bcoltin/groundtruths/baghlan_south</truth>
    <training_domain>baghlan_2014_6</training_domain>
    
    <algorithm_params>
      <modis_diff_threshold>350</modis_diff_threshold>
      
      <modis_mask_threshold>4.5</modis_mask_threshold>
      <modis_change_threshold>-3.0</modis_change_threshold>
      
      <dartmouth_threshold>0.65</dartmouth_threshold>
    </algorithm_params>
    
</domain>

