<?xml version="1.0"?>
<domain>
    <name>Berkeley</name>
    
    <sensors>
      <sensor>
        <name>MODIS</name>
        <bands>
          <source>
            <start_date>2011-04-27</start_date>
            <end_date>2011-04-28</end_date>
          </source>
        </bands>
      </sensor>
      
      <sensor>
        <name>Landsat5</name>
        <bands>
          <source>
            <start_date>2011-04-27</start_date>
            <end_date>2011-04-28</end_date>
          </source>
        </bands>
      </sensor>
      
      <sensor>
        <name>NED13</name>
      </sensor>
    </sensors>
    
    <bbox>
        <bottomleft>
            <lon>-122.54</lon>
            <lat>37.85</lat>
        </bottomleft>
        <topright>
            <lon>-122.126</lon>
            <lat>37.926</lat>
        </topright>
    </bbox>
    
    <truth>users/scottmcmichael/crisis_mapping_truths/cmt_berkeley_truth</truth>
    <training_domain>sf_bay_area_2011_4</training_domain>
    
    <algorithm_params>
      <modis_diff_threshold>650</modis_diff_threshold>
      
      <modis_mask_threshold>3.5</modis_mask_threshold>
      <modis_change_threshold>-2.0</modis_change_threshold>
      
      <dartmouth_threshold>0.55</dartmouth_threshold>
    </algorithm_params>
    
</domain>

