<?xml version="1.0"?>
<domain>
    <name>Kashmore 2010 Flood</name>
    
    <sensors>

      <sensor>
          <name>SRTM90</name>
          <range>
              <minimum>70</minimum>
              <maximum>120</maximum>
          </range>
      </sensor>

      <sensor>
        <name>MODIS</name>
        <bands>
          <source>
            <start_date>2010-08-13</start_date>
            <end_date>2010-08-14</end_date>
          </source>
        </bands>
      </sensor>
      
      <sensor>
        <name>Landsat5</name>
        <bands>
          <source>
            <start_date>2010-08-12</start_date>
            <end_date>2010-08-13</end_date>
          </source>
        </bands>
        <display_gains>1.5, 1.6, 1.0</display_gains>
      </sensor>
      
    </sensors>
    
    <bbox>
        <bottomleft>
            <lon>69.5</lon>
            <lat>28.25</lat>
        </bottomleft>
        <topright>
            <lon>70.1</lon>
            <lat>28.65</lat>
        </topright>
    </bbox>
    
    <truth>users/scottmcmichael/crisis_mapping_truths/cmt_kashmore_truth</truth>
    <training_domain>kashmore_north_2010_8</training_domain>
    <unflooded_training_domain>unflooded_kashmore_2009</unflooded_training_domain>
    
    <algorithm_params>
      <modis_diff_threshold>350</modis_diff_threshold>
      
      <modis_mask_threshold>4.5</modis_mask_threshold>
      <modis_change_threshold>-3.0</modis_change_threshold>
      
      <dartmouth_threshold>0.65</dartmouth_threshold>
      
      <fai_threshold>816</fai_threshold>

      <mod_ndwi_threshold>0.0078125</mod_ndwi_threshold>
      
      <dem_threshold>80</dem_threshold>
    </algorithm_params>
    
</domain>

