<?xml version="1.0"?>
<domain>
    <name>New Orleans Hurricane Katrina</name>
    
    <sensors>

      <sensor>
        <name>NED13</name>
        <range>
          <minimum>-10</minimum>
          <maximum>50</maximum>
        </range>   
      </sensor>
    
      <sensor>
        <name>MODIS</name>
        <bands>
          <source>
            <start_date>2005-09-07</start_date>
            <end_date>2005-09-08</end_date>
          </source>
        </bands>
      </sensor>
      
      <sensor>
        <name>Landsat5</name>
        <bands>
          <source>
            <start_date>2005-09-07</start_date>
            <end_date>2005-09-08</end_date>
          </source>
        </bands>
      </sensor>

    </sensors>
    
    <bbox>
        <bottomleft>
            <lon>-90.3</lon>
            <lat>29.90</lat>
        </bottomleft>
        <topright>
            <lon>-89.76</lon>
            <lat>30.07</lat>
        </topright>
    </bbox>
    
    <truth>users/scottmcmichael/crisis_mapping_truths/cmt_katrina_truth</truth>
    <training_domain>slidell_2005_9</training_domain>
    <unflooded_training_domain>unflooded_new_orleans_2004</unflooded_training_domain>
    
    <algorithm_params>
      <modis_diff_threshold>1200</modis_diff_threshold>
      
      <modis_mask_threshold>4.5</modis_mask_threshold>
      <modis_change_threshold>-3.0</modis_change_threshold>
      
      <dartmouth_threshold>0.75</dartmouth_threshold>
      
      <fai_threshold>720</fai_threshold>
      
      <mod_ndwi_threshold>0.452812</mod_ndwi_threshold>

      <dem_threshold>1</dem_threshold>
    </algorithm_params>
    
</domain>

