<?xml version="1.0"?>
<domain>
    <name>Bosnia Herzegovina No Flood</name>
    
    <sensors>
    
      <sensor>
          <name>SRTM90</name>
      </sensor>
    
      <sensor>
        <name>MODIS</name>
        <bands>
          <source>
            <start_date>2013-04-19</start_date>
            <end_date>2013-04-20</end_date>
          </source>
        </bands>
      </sensor>
      
      <sensor>
        <name>Landsat8</name>
        <bands>
          <source>
            <start_date>2013-08-08</start_date>
            <end_date>2013-08-10</end_date>
          </source>
        </bands>
      </sensor>
      
    </sensors>
    
    <bbox>
        <bottomleft>
            <lon>20.9633</lon>
            <lat>44.5836</lat>
        </bottomleft>
        <topright>
            <lon>21.8312</lon>
            <lat>44.8666</lat>
        </topright>
    </bbox>
  
</domain>

