<?xml version="1.0"?>
<domain>
    <name>Baghlan 2014 No Flood</name>
    
    <sensors>

      <sensor>
          <name>SRTM90</name>
          <range>
              <minimum>430</minimum>
              <maximum>600</maximum>
          </range>
      </sensor>

      <sensor>
        <name>MODIS</name>
        <bands>
          <source>
            <start_date>2013-05-15</start_date>
            <end_date>2013-05-16</end_date>
          </source>
        </bands>
      </sensor>
      
    </sensors>
    
    <bbox>
        <bottomleft>
            <lon>65.1098</lon>
            <lat>32.2831</lat>
        </bottomleft>
        <topright>
            <lon>65.3294</lon>
            <lat>32.4072</lat>
        </topright>
    </bbox>
    
</domain>

