<?xml version="1.0"?>
<domain>
    <name>New Orleans No Flood</name>
    
    <sensors>

      <sensor>
        <name>NED13</name>
        <range>
          <minimum>-10</minimum>
          <maximum>50</maximum>
        </range>   
      </sensor>
    
      <sensor>
        <name>MODIS</name>
        <bands>
          <source>
            <start_date>2004-09-07</start_date>
            <end_date>2004-09-08</end_date>
          </source>
        </bands>
      </sensor>
      
      <sensor>
        <name>Landsat5</name>
        <bands>
          <source>
            <start_date>2003-10-03</start_date>
            <end_date>2003-10-05</end_date>
          </source>
        </bands>
      </sensor>
      
    </sensors>
    
    <bbox>
        <bottomleft>
            <lon>-90.3</lon>
            <lat>29.90</lat>
        </bottomleft>
        <topright>
            <lon>-89.76</lon>
            <lat>30.07</lat>
        </topright>
      </bbox>

</domain>

