<?xml version="1.0"?>
<domain>
    <name>St Lazane, Canada</name>
    
    <sensors>

      <sensor>
        <name>NED13</name>
        <range>
          <minimum>-10</minimum>
          <maximum>50</maximum>
        </range>   
      </sensor>
    
      <sensor>
        <name>MODIS</name>
        <bands>
          <source>
            <start_date>2010-05-20</start_date>
            <end_date>2010-05-21</end_date>
          </source>
        </bands>
      </sensor>

    </sensors>

    <bbox>
        <bottomleft>
            <lon>-101.69</lon>
            <lat>50.20</lat>
        </bottomleft>
        <topright>
            <lon>-101.33</lon>
            <lat>50.58</lat>
        </topright>
    </bbox>

</domain>

