<?xml version="1.0"?>
<domain>
    <name>Lanciano</name>
    
    <sensors>
    
      <sensor>
        <name>SRTM90</name>
      </sensor>
    
      <sensor>
        <name>MODIS</name>
        <bands>
          <source>
            <start_date>2014-08-05</start_date>
            <end_date>2014-08-06</end_date>
          </source>
        </bands>
      </sensor>
    
      <sensor>
        <name>Sentinel1</name>
        <bands>
            <band>
                <name>vv</name>
                <source>
                    <eeid>18108519531116889794-15063535589376921925</eeid>
                    <name>b1</name>
                </source>
            </band>
            <band>
                <name>vh</name>
                <source>
                    <eeid>18108519531116889794-10203767773364605611</eeid>
                    <name>b1</name>
                </source>
            </band>
        </bands>
      </sensor>
      
    </sensors>
    
    
    <bbox>
        <bottomleft>
            <lon>14.15</lon>
            <lat>41.9</lat>
        </bottomleft>
        <topright>
            <lon>14.4</lon>
            <lat>42.5</lat>
        </topright>
    </bbox>
    <truth>18108519531116889794-10734434487272614892</truth>
    
    <algorithm_params>
      <water_detect_radar_channel>vv</water_detect_radar_channel>
    </algorithm_params> 
    
</domain>

