<?xml version="1.0"?>
<domain>
    <name>Malawi Jan 2015 Flood</name>
    <sensors>
    
      <sensor>
        <name>SRTM90</name>
      </sensor>
    
      <sensor>
        <name>MODIS</name>
        <bands>
          <source>
            <start_date>2015-01-21</start_date>
            <end_date>2015-01-22</end_date>
          </source>
        </bands>
      </sensor>

      <sensor>
        <name>Sentinel1</name>
        <bands>
          <source>
            <start_date>2015-01-01</start_date>
            <end_date>2015-05-28</end_date>
          </source>
        </bands>
      </sensor>

    </sensors>
    
    <bbox>
        <bottomleft>
            <lon>35.0793</lon>
            <lat>-17.7408</lat>
        </bottomleft>
        <topright>
            <lon>35.4337</lon>
            <lat>-16.723</lat>
        </topright>
    </bbox>
    
    <truth>users/bcoltin/groundtruths/malawi</truth>
    <training_domain>malawi_2015_1_training</training_domain>
   
    <algorithm_params>
      <water_detect_radar_channel>vv</water_detect_radar_channel>
    </algorithm_params> 
   
    
</domain>

