<?xml version="1.0"?>
<domain>
    <name>Malawi Jan 2015 Flood Training</name>
    <sensors>
    
      <sensor>
        <name>SRTM90</name>
      </sensor>
    
      <sensor>
        <name>MODIS</name>
        <bands>
          <source>
            <start_date>2015-01-21</start_date>
            <end_date>2015-01-22</end_date>
          </source>
        </bands>
      </sensor>

      <sensor>
        <name>Sentinel1</name>
        <bands>
            <band>
                <name>vv</name>
                <source>
                    <eeid>18108519531116889794-15658084116283052074</eeid>
                    <name>b1</name>
                </source>
            </band>
        </bands>
      </sensor>

    </sensors>
    
    <bbox>
        <bottomleft>
            <lon>35.2244183</lon>
            <lat>-17.0253966</lat>
        </bottomleft>
        <topright>
            <lon>35.2394928</lon>
            <lat>-17.0092773</lat>
        </topright>
    </bbox>
    
    <truth>users/bcoltin/groundtruths/malawi_training</truth>
   
    <algorithm_params>
      <water_detect_radar_channel>vv</water_detect_radar_channel>
    </algorithm_params> 
    
    
</domain>

