<?xml version="1.0"?>
<domain>
    <name>Rome</name>
    <sensors>
      <sensor>
        <name>Sentinel1</name>
        <bands>
            <band>
                <name>vv</name>
                <source>
                    <eeid>18108519531116889794-15063535589376921925</eeid>
                    <name>b1</name>
                </source>
            </band>
            <band>
                <name>vh</name>
                <source>
                    <eeid>18108519531116889794-10203767773364605611</eeid>
                    <name>b1</name>
                </source>
            </band>
        </bands>
      </sensor>
    </sensors>
    <bbox>
        <bottomleft>
            <lon>12.14</lon>
            <lat>41.72</lat>
        </bottomleft>
        <topright>
            <lon>12.35</lon>
            <lat>41.80</lat>
        </topright>
    </bbox>
    <truth>18108519531116889794-01677512005004143246</truth>
    <training_domain>lanciano</training_domain>
    
    <algorithm_params>
      <water_detect_radar_channel>vv</water_detect_radar_channel>
    </algorithm_params> 
    
</domain>

