<?xml version="1.0"?>
<domain>
    <name>Rome</name>
    <sensors>
    
      <sensor>
        <name>SRTM90</name>
      </sensor>
    
      <sensor>
        <name>MODIS</name>
        <bands>
          <source>
            <start_date>2014-08-05</start_date>
            <end_date>2014-08-06</end_date>
          </source>
        </bands>
      </sensor>
    
      <sensor>
        <name>Sentinel1</name>
        <bands>
            <band>
                <name>vv</name>
                <source>
                    <eeid>18108519531116889794-15063535589376921925</eeid>
                    <name>b1</name>
                </source>
            </band>
            <band>
                <name>vh</name>
                <source>
                    <eeid>18108519531116889794-10203767773364605611</eeid>
                    <name>b1</name>
                </source>
            </band>
        </bands>
      </sensor>      
      
    </sensors>
    
    <bbox>
        <bottomleft>
            <lon>12.2</lon>
            <lat>41.72</lat>
        </bottomleft>
        <topright>
            <lon>12.72</lon>
            <lat>41.83</lat>
        </topright>
    </bbox>
    
    <truth>users/scottmcmichael/crisis_mapping_truths/cmt_sentinel1_rome_truth</truth>
    <training_domain>lanciano</training_domain>
    
    <algorithm_params>
      <water_detect_radar_channel>vv</water_detect_radar_channel>
    </algorithm_params> 
    
</domain>

